screen_name,user_name,status_id,url,title,published_date,geoLocation
"CathyTX","CathyTX","1053465761056985088","Not Available","Shame on Al Jaeger Sec of State disenfranchising Native Americans from voting. @BrianKempGA disenfranchising blacks from voting!! Trump lost popular vote..still lying there‚Äôs mass voter fraud! @AC360 @SenatorHeitkamp @staceyabrams @DNC  @DrewGriffinCNN https://t.co/MZPk72nfmT","Fri Oct 19 21:59:44 EDT 2018",
"elenaparent","Elena Parent","1053465764991324160","Not Available","‚ÄúThose polls aren‚Äôt counting on you. They aren‚Äôt counting on the people who show up at noon in Dalton for Democratic candidates‚Äù ‚Å¶@staceyabrams‚Å© on the stump #gapol https://t.co/yD4wHSpfpJ","Fri Oct 19 21:59:45 EDT 2018",
"tedra_ulmer","Tedra Ulmer","1053465769328209920","Not Available","If you saw that terribly racist video from #BrianKemp and it made you mad...

Go spend that anger on something useful: the campaign of @staceyabrams ‚ù§Ô∏è‚úäüèæ https://t.co/Le47kfVfnF","Fri Oct 19 21:59:46 EDT 2018",
"jmo201","JMO","1053465824080642048","Not Available","THREAD: @StaceyAbrams' race is the closest governor's race in the country. Just a few more canvassing shifts or a few more doors knocked could make the difference!

Sign up for a "Weekend of Action" volunteer shift and let's get it done for Georgia! https://t.co/qXHy7dFGqS #gapol https://t.co/rnlHOxUigd","Fri Oct 19 21:59:59 EDT 2018",
"LopezRolando7","Rolando Lopez","1053465843722579968","Not Available","I am PERSONALLY going back to Georgia before Nov. 6th to get out every additional vote I can for @staceyabrams, @SarahRiggsAmico, & the @GeorgiaDemocrat ticket.  PLEASE donate, knock doors & make phone calls.  History has its eyes on us!  #TeamAbrams #WeRiseTogether https://t.co/XXeJms70f6","Fri Oct 19 22:00:04 EDT 2018",
"TheHelenChapel","JaneTheBrane","1053465907509506048","Not Available","We must fight this and fight it to the bitter end!  We cannot let Republicans destroy our democracy time and time again! When is enough?! @staceyabrams @AndrewGillum @SenatorHeitkamp @BetoORourke @algore @HillaryClinton @ACampaNajjar @Nate_McMurray @clairecmc @LupeValdez https://t.co/t3Ovhhenqr","Fri Oct 19 22:00:19 EDT 2018",
"lvingfree5678","AlohaDR","1053465932020895744","Not Available","As part of our work to support the leadership of Black women, MoveOn members have proudly contributed more than $1 million to Black women running for office. @staceyabrams, @LUnderwood630, @LindaForNC, @IlhanMN, @LucyWins2018 https://t.co/nIRJnGCyKC","Fri Oct 19 22:00:25 EDT 2018",
"Monroesmydog","MoogaLoo22 üè≥Ô∏è‚Äçüåà","1053465934294327302","Not Available","@Tweetsbian @staceyabrams What song?","Fri Oct 19 22:00:25 EDT 2018",
"DavidABarclay","David A Barclay","1053465950908006400","Not Available","@MargeryAPW @BrianKempGA @staceyabrams Yea the blue option is such a radical choice. Seeking to make Georgia follow Sharia laws! https://t.co/E85XRAG225","Fri Oct 19 22:00:29 EDT 2018",
"DeniseOBrienRN","Denise O'Brien","1053465955207143425","Not Available","The choice is clear. We need @staceyabrams as governor. We need to send a loud resounding message to Washington, to the country, to the world. Please #Vote, do it early, before Nov. 6th if you can. Too much is at stake to stay home this year. 

Let‚Äôs make history. 
#TeamAbrams https://t.co/jqcZRZeYBZ","Fri Oct 19 22:00:30 EDT 2018",
"LoveUSAResist","üåä#GetOutAndVoteüí™","1053465960965963776","Not Available","Election fraud can be beaten with overwhelming numbers. #gapol  #VoteBlue #RESIST","Fri Oct 19 22:00:32 EDT 2018",
"GenevieveGazon","Genevieve Gazon","1053465990967758849","Not Available","This.","Fri Oct 19 22:00:39 EDT 2018",
"elenaparent","Elena Parent","1053465997443772416","Not Available","‚ÄúFor the first time, my father and I voted in a midterm election, and we voted early! Proud to say we voted for @staceyabrams and Democrats up-and-down the ballot.‚Äù -Elisha

All 7 early voting locations will be open in Gwinnett tomorrow at 7am! Go vote! https://t.co/jcirwGubM1 https://t.co/g2U1bo8qTF","Fri Oct 19 22:00:40 EDT 2018",
"BarbaraAnnHoll4","Barbara Ann Holloway","1053466007724011521","Not Available","We're locked in the closest governor's race in the U.S.

The stakes could not be higher. The choice we face could not be more clear.

We only have 18 days to finish what we started. Donate to support voter outreach and let's get it done for Georgia: https://t.co/4I5jqEdWgJ #gapol https://t.co/tyxx9Et0cy","Fri Oct 19 22:00:43 EDT 2018",
"BarbaraAnnHoll4","Barbara Ann Holloway","1053466026946510848","Not Available","I will keep saying this: When you have a biased referee, Your best chances of winning is to blow the other team out. 
Your vote matters. Your friend's votes matter. Millennial votes matter. Get everyone to the polls. #gapol #TeamBeto #bluetribe #BLUEWAVE
#VOTEBLUE #RESIST https://t.co/Vdz2ayyAG5","Fri Oct 19 22:00:47 EDT 2018",
"artistatlarge19","Nicole","1053466033024000002","Not Available","We must fight this and fight it to the bitter end!  We cannot let Republicans destroy our democracy time and time again! When is enough?! @staceyabrams @AndrewGillum @SenatorHeitkamp @BetoORourke @algore @HillaryClinton @ACampaNajjar @Nate_McMurray @clairecmc @LupeValdez https://t.co/t3Ovhhenqr","Fri Oct 19 22:00:49 EDT 2018",
"mdotgooch","M (dot) Gooch","1053466224036855810","Not Available","And she‚Äôs doing this with all of Kemp‚Äôs voter suppression BS. Get Stacey Abrams to the governor‚Äôs mansion and take Georgia back for the people!!! #VoteBlue https://t.co/elHMrLQdxv","Fri Oct 19 22:01:34 EDT 2018",
"jmo201","JMO","1053466243934666752","Not Available","This!!! If you are in Georgia please sign up to volunteer over the next 18 days! We‚Äôre canvassing & phone banking every day! @staceyabrams will win if all Democrats turn out! Go to https://t.co/2RbuybfuWd to sign up! https://t.co/3DjZWAtwun","Fri Oct 19 22:01:39 EDT 2018",
"TheSpeakman","Josh Bees","1053466391972663296","Not Available","Georgia- If you are an independent voter and you see how many black people are being turned  away from the polls, it would be great to cast your vote in honor of those still being oppressed by racist republicans. If you believe in fairness and equality, vote for @staceyabrams","Fri Oct 19 22:02:14 EDT 2018",
"JustinSimonsen","Justin Simonsen","1053466410200981509","Not Available","We must fight this and fight it to the bitter end!  We cannot let Republicans destroy our democracy time and time again! When is enough?! @staceyabrams @AndrewGillum @SenatorHeitkamp @BetoORourke @algore @HillaryClinton @ACampaNajjar @Nate_McMurray @clairecmc @LupeValdez https://t.co/t3Ovhhenqr","Fri Oct 19 22:02:19 EDT 2018",
"ashley_castels","ashley castels ‚ôï","1053466450705424385","https://t.co/0p2gGKlJBQ","I‚Äôd rather sit in an ant bed https://t.co/0p2gGKlJBQ","Fri Oct 19 22:02:28 EDT 2018",
"sgriffin777","Scott Michael","1053466514190417920","Not Available","Just wrapped up our last two #WeAreGeorgia Bus Tour events of the day ‚Äì early vote rallies in Hiram and Douglasville!

Tomorrow, we are hosting a "Women for Stacey" Panel Discussion in South Metro ATL: https://t.co/aIp2PEtH03
#TeamAbrams #gapol https://t.co/dk58zVxfRA","Fri Oct 19 22:02:44 EDT 2018",
"mummacity","Laura Diviney","1053466520649691141","Not Available","JOIN US: Today, our #WeAreGeorgia Early Vote Bus Tour will be in: 

üìç Dalton
üìç Rome
üìç Cartersville
üìç Hiram
üìç Douglasville

This weekend, join us in:

üìç South Metro
üìç South Fulton
üìç Cobb

Find more upcoming events near you here ‚ûî https://t.co/v8xF0ET48W #TeamAbrams #gapol","Fri Oct 19 22:02:45 EDT 2018",
"LoveUSAResist","üåä#GetOutAndVoteüí™","1053466549070299141","Not Available","@staceyabrams Election fraud can be beaten with overwhelming numbers.","Fri Oct 19 22:02:52 EDT 2018",
"Zoe_Archer","Zoe Archer/Eva Leigh","1053466554661126145","Not Available","Georgia voters!","Fri Oct 19 22:02:53 EDT 2018",
"MoLulkowski","HEY MO!","1053466598219153409","Not Available","#SpiritDay POSTED THE @GeorgiaDemocrat's pictures today with their twitter accounts, this is one of the responses I got,
"A ballot that looks like America. Vote Dem!!"
then I really looked at the photo...
YES, @DemLibs THIS BALLOT DOES LOOK LIKE AMERICAüá∫üá∏
https://t.co/bgLd1AxgVW","Fri Oct 19 22:03:04 EDT 2018",
"marie12bv","voteblue","1053466671669825537","Not Available","Just wrapped up our last two #WeAreGeorgia Bus Tour events of the day ‚Äì early vote rallies in Hiram and Douglasville!

Tomorrow, we are hosting a "Women for Stacey" Panel Discussion in South Metro ATL: https://t.co/aIp2PEtH03
#TeamAbrams #gapol https://t.co/dk58zVxfRA","Fri Oct 19 22:03:21 EDT 2018",
"JanHolloway16","Jan Holloway","1053466693379506176","Not Available","THREAD: @StaceyAbrams' race is the closest governor's race in the country. Just a few more canvassing shifts or a few more doors knocked could make the difference!

Sign up for a "Weekend of Action" volunteer shift and let's get it done for Georgia! https://t.co/qXHy7dFGqS #gapol https://t.co/rnlHOxUigd","Fri Oct 19 22:03:26 EDT 2018",
"nanker2112","lori clarke","1053466720201932800","Not Available","Georgia- If you are an independent voter and you see how many black people are being turned  away from the polls, it would be great to cast your vote in honor of those still being oppressed by racist republicans. If you believe in fairness and equality, vote for @staceyabrams","Fri Oct 19 22:03:33 EDT 2018",
"aIexxxis","Lexi","1053466752829587456","Not Available","This parking lot looks awfully familiar!!! Glad Stacey got a good turn out here in Hiram!","Fri Oct 19 22:03:40 EDT 2018",
"panther_iv","Panther IV","1053466987572027394","Not Available","@KamalaHarris @LucyWins2018 @staceyabrams @LUnderwood630 @JahanaHayesCT @AyannaPressley Wow!! Racist much?","Fri Oct 19 22:04:36 EDT 2018",
"omnificpictures","OMNIFIC PICTURES","1053466989824368640","Not Available","We must fight this and fight it to the bitter end!  We cannot let Republicans destroy our democracy time and time again! When is enough?! @staceyabrams @AndrewGillum @SenatorHeitkamp @BetoORourke @algore @HillaryClinton @ACampaNajjar @Nate_McMurray @clairecmc @LupeValdez https://t.co/t3Ovhhenqr","Fri Oct 19 22:04:37 EDT 2018",
"cheekybroad","üåä üåä CHEEKYBROAD‚Äè","1053467125245861888","Not Available","The red mothereffers are doing everything in their power to kill the votes in Georgia for #StaceyAbrams.  DO NOT LET THAT HAPPEN #GEORGIA.....GET OUT THERE AND #VOTEBLUE!!","Fri Oct 19 22:05:09 EDT 2018",
"DebbieC50234788","Debbie Cole","1053467184675008512","Not Available","Georgia- If you are an independent voter and you see how many black people are being turned  away from the polls, it would be great to cast your vote in honor of those still being oppressed by racist republicans. If you believe in fairness and equality, vote for @staceyabrams","Fri Oct 19 22:05:23 EDT 2018",
"sweeettweetie","‚òÄÔ∏èMary G.","1053467201229926400","Not Available","We're locked in the closest governor's race in the U.S.

The stakes could not be higher. The choice we face could not be more clear.

We only have 18 days to finish what we started. Donate to support voter outreach and let's get it done for Georgia: https://t.co/4I5jqEdWgJ #gapol https://t.co/tyxx9Et0cy","Fri Oct 19 22:05:27 EDT 2018",
"jennycohn1","Jennifer Cohn","1053467202634928128","Not Available","üî•üî•1-888-730-5816 IS MOST IMPORTANT TELEPHONE # TO KNOW & SHARE WITH EVERYONE. IF YOU HAVE VOTING PROBLEMS OR ARE TURNED AWAY AT GA POLL CALL # & DO NOT LEAVE POLL WITHOUT CASTING BALLOTüî•üî• #StaceyAbrams #TeamAbrams #GAGov #BrianKemp #GaPol #FlipGABlue #FlipItBlue #PaveItBlue https://t.co/6W5Hl8ghYl","Fri Oct 19 22:05:28 EDT 2018",
"allenroberthill","AllenRHill","1053467260050784256","Not Available","We're locked in the closest governor's race in the U.S.

The stakes could not be higher. The choice we face could not be more clear.

We only have 18 days to finish what we started. Donate to support voter outreach and let's get it done for Georgia: https://t.co/4I5jqEdWgJ #gapol https://t.co/tyxx9Et0cy","Fri Oct 19 22:05:41 EDT 2018",
"ellen_001","Ellen Thompson","1053467271073619968","Not Available","Nearly 70% of 53,000 voter registrations held up in Georgia by Sec of State @BrianKempGA are African-Americans. The person running for Governor - the same Brian Kemp. Running against @staceyabrams, who is ... African-American. Coincidence? No, Kemp is cheating in broad daylight.","Fri Oct 19 22:05:44 EDT 2018",
"edpavlic","Edward Pavlic","1053467367127302144","Not Available","#StaceyAbrams #AndrewGillum #BringItHome https://t.co/XdfgSioYbe","Fri Oct 19 22:06:07 EDT 2018",
"LisaM3732","Accountist","1053467396168511489","Not Available","üî•üî•1-888-730-5816 IS MOST IMPORTANT TELEPHONE # TO KNOW & SHARE WITH EVERYONE. IF YOU HAVE VOTING PROBLEMS OR ARE TURNED AWAY AT GA POLL CALL # & DO NOT LEAVE POLL WITHOUT CASTING BALLOTüî•üî• #StaceyAbrams #TeamAbrams #GAGov #BrianKemp #GaPol #FlipGABlue #FlipItBlue #PaveItBlue https://t.co/6W5Hl8ghYl","Fri Oct 19 22:06:14 EDT 2018",
"coolbeans18","J.S. ‚ù§‚ú°Œ©üíôüìéüóΩüéÄ üåä","1053467403999473664","Not Available","@nursegalmom @Lawrence @SenateDems @DNC @staceyabrams @BetoORourke @HeidiHeitkamp @Scholten4Iowa It is here:  https://t.co/gt4bj0LPPJ","Fri Oct 19 22:06:16 EDT 2018",
"teakinrj","ellen","1053467418582872064","Not Available","@JanzforCongress Sorry to weigh in from GA, but #LyinBrian is doing the exact thing here against @staceyabrams. Why is it that student debt is considered a liability by Republicans? It just shows that you're actively trying to improve yourself as you work towards a better future.","Fri Oct 19 22:06:19 EDT 2018",
"RoxEK1954","üíúMuellerüíú PROTECT OUR VOTES","1053467424203264000","Not Available","üî•üî•1-888-730-5816 IS MOST IMPORTANT TELEPHONE # TO KNOW & SHARE WITH EVERYONE. IF YOU HAVE VOTING PROBLEMS OR ARE TURNED AWAY AT GA POLL CALL # & DO NOT LEAVE POLL WITHOUT CASTING BALLOTüî•üî• #StaceyAbrams #TeamAbrams #GAGov #BrianKemp #GaPol #FlipGABlue #FlipItBlue #PaveItBlue https://t.co/6W5Hl8ghYl","Fri Oct 19 22:06:21 EDT 2018",
"sonskeetto","TRANSROBOBALL","1053467432277495809","Not Available","Just wrapped up our last two #WeAreGeorgia Bus Tour events of the day ‚Äì early vote rallies in Hiram and Douglasville!

Tomorrow, we are hosting a "Women for Stacey" Panel Discussion in South Metro ATL: https://t.co/aIp2PEtH03
#TeamAbrams #gapol https://t.co/dk58zVxfRA","Fri Oct 19 22:06:22 EDT 2018",
"daily_tomato","‚ìã The Daily Tomato","1053467431841148928","Not Available","@brian_harris89 @BrianKempGA Brian Kemp is cheating again. Vote for #StaceyAbrams. https://t.co/atKGLRcDrf","Fri Oct 19 22:06:22 EDT 2018",
"Kimberl39872297","Kimmee Johnson","1053467483112398848","Not Available","Just wrapped up our last two #WeAreGeorgia Bus Tour events of the day ‚Äì early vote rallies in Hiram and Douglasville!

Tomorrow, we are hosting a "Women for Stacey" Panel Discussion in South Metro ATL: https://t.co/aIp2PEtH03
#TeamAbrams #gapol https://t.co/dk58zVxfRA","Fri Oct 19 22:06:35 EDT 2018",
"Kimberl39872297","Kimmee Johnson","1053467524673818625","https://t.co/0wIDH31JoH","On Sunday, I will join @CoryBooker for a Men's Town Hall in Atlanta: https://t.co/0wIDH31JoH

To see more upcoming events and to join our Weekend of Action, view our events map: https://t.co/v8xF0ET48W #TeamAbrams #gapol https://t.co/xxYCzpXZsU","Fri Oct 19 22:06:45 EDT 2018",
"amberweinberg","Amber Weinberg","1053467534647803906","Not Available","We're locked in the closest governor's race in the U.S.

The stakes could not be higher. The choice we face could not be more clear.

We only have 18 days to finish what we started. Donate to support voter outreach and let's get it done for Georgia: https://t.co/4I5jqEdWgJ #gapol https://t.co/tyxx9Et0cy","Fri Oct 19 22:06:47 EDT 2018",
"MentallyChronic","Just a Glitch","1053467538951151616","Not Available","We're locked in the closest governor's race in the U.S.

The stakes could not be higher. The choice we face could not be more clear.

We only have 18 days to finish what we started. Donate to support voter outreach and let's get it done for Georgia: https://t.co/4I5jqEdWgJ #gapol https://t.co/tyxx9Et0cy","Fri Oct 19 22:06:48 EDT 2018",
"AnotherDay53","Tammy","1053467572811771904","Not Available","@staceyabrams @NancyPelosi  are you two going to let all the illegals live at your house? Do you want to pay for them?","Fri Oct 19 22:06:56 EDT 2018",
"BunnyFenton","Vote November 6th #GlovesOff","1053467619150286848","Not Available","The red mothereffers are doing everything in their power to kill the votes in Georgia for #StaceyAbrams.  DO NOT LET THAT HAPPEN #GEORGIA.....GET OUT THERE AND #VOTEBLUE!! https://t.co/nA3gQ71GoY","Fri Oct 19 22:07:07 EDT 2018",
"jdf754","jdf26downthelane","1053467622946291712","Not Available","Spalding County is voting early for @staceyabrams, @SarahRiggsAmico, and @GeorgiaDemocrat!

What's YOUR early vote plan? https://t.co/RnfXUctIio #WeAreGeorgia #gapol https://t.co/T3fvT7F3l4","Fri Oct 19 22:07:08 EDT 2018",
"StacieDerepent2","Stacie Derepentigny","1053467649701699586","Not Available","We must fight this and fight it to the bitter end!  We cannot let Republicans destroy our democracy time and time again! When is enough?! @staceyabrams @AndrewGillum @SenatorHeitkamp @BetoORourke @algore @HillaryClinton @ACampaNajjar @Nate_McMurray @clairecmc @LupeValdez https://t.co/t3Ovhhenqr","Fri Oct 19 22:07:14 EDT 2018",
"NekishaRiley","Nekisha Riley","1053467662678941696","Not Available","JOIN US: Today, our #WeAreGeorgia Early Vote Bus Tour will be in: 

üìç Dalton
üìç Rome
üìç Cartersville
üìç Hiram
üìç Douglasville

This weekend, join us in:

üìç South Metro
üìç South Fulton
üìç Cobb

Find more upcoming events near you here ‚ûî https://t.co/v8xF0ET48W #TeamAbrams #gapol","Fri Oct 19 22:07:17 EDT 2018",
"david_fullen","David Fullen","1053467673437392896","Not Available","@staceyabrams @FiveThirtyEight Well they‚Äôre wrong and you‚Äôre going to lose.","Fri Oct 19 22:07:20 EDT 2018",
"jdf754","jdf26downthelane","1053467672753643520","Not Available","On the list of most politically engaged states, Georgia is 38th out of 50‚Ä¶but when it comes to the % of young voters, we rank among the top 20.

Georgians: We have the power to transform our state. It's on us. Get out & VOTE early: https://t.co/Ar7roBqGJM https://t.co/v2m7cdlTM5","Fri Oct 19 22:07:20 EDT 2018",
"panther_iv","Panther IV","1053467710904950784","Not Available","@allyjane40 @flywithkamala @KamalaHarris @LucyWins2018 @staceyabrams @LUnderwood630 @JahanaHayesCT @AyannaPressley And here we have another racist showing their true face of hate.","Fri Oct 19 22:07:29 EDT 2018",
"kacrary2","Kay","1053467725262176257","Not Available","Why are folks in San Francisco sending post cards to GA voters? They support higher taxes and sanctuary states - just like @staceyabrams. GAGOP Chairman @JohnWatsonGA says Georgians can send those postcards back to California and GO VOTE @BrianKempGA for Governor! #gapol https://t.co/rPwRc210di","Fri Oct 19 22:07:32 EDT 2018",
"wordgirl","Kristin","1053467727401234432","Not Available","20 more for @staceyabrams & @SarahRiggsAmico inspired by my recent #Boston trip! Just one person here trying to make a difference by writing #PostcardsToVoters #jfk https://t.co/qpOrKo4qg4","Fri Oct 19 22:07:33 EDT 2018",
"Sacbolts12","Steven Hill","1053467781721550848","Not Available","THREAD: @StaceyAbrams' race is the closest governor's race in the country. Just a few more canvassing shifts or a few more doors knocked could make the difference!

Sign up for a "Weekend of Action" volunteer shift and let's get it done for Georgia! https://t.co/qXHy7dFGqS #gapol https://t.co/rnlHOxUigd","Fri Oct 19 22:07:46 EDT 2018",
"arnieroman1","Arnie Roman","1053467771944742913","Not Available","üî•üî•1-888-730-5816 IS MOST IMPORTANT TELEPHONE # TO KNOW & SHARE WITH EVERYONE. IF YOU HAVE VOTING PROBLEMS OR ARE TURNED AWAY AT GA POLL CALL # & DO NOT LEAVE POLL WITHOUT CASTING BALLOTüî•üî• #StaceyAbrams #TeamAbrams #GAGov #BrianKemp #GaPol #FlipGABlue #FlipItBlue #PaveItBlue https://t.co/6W5Hl8ghYl","Fri Oct 19 22:07:43 EDT 2018",
"jeannegodf","Jeanne Godfrey","1053467783005171713","Not Available","Georgia- If you are an independent voter and you see how many black people are being turned  away from the polls, it would be great to cast your vote in honor of those still being oppressed by racist republicans. If you believe in fairness and equality, vote for @staceyabrams","Fri Oct 19 22:07:46 EDT 2018",
"sky4est","Sky Collins","1053467810465120256","Not Available","We're locked in the closest governor's race in the U.S.

The stakes could not be higher. The choice we face could not be more clear.

We only have 18 days to finish what we started. Donate to support voter outreach and let's get it done for Georgia: https://t.co/4I5jqEdWgJ #gapol https://t.co/tyxx9Et0cy","Fri Oct 19 22:07:53 EDT 2018",
"LizConteBeach","Conservative Lady","1053467816668598273","Not Available","Don‚Äôt let San Francisco socialists - or illegal immigrants - choose our leaders. Vote Kemp for Governor and let‚Äôs put hardworking Georgians first! #gapop #gafirst https://t.co/EOcPyBl2fi","Fri Oct 19 22:07:54 EDT 2018",
"david_fullen","David Fullen","1053467842694266880","Not Available","@LALewman @staceyabrams That was dumb.","Fri Oct 19 22:08:00 EDT 2018",
"xsarmarion","Marion Wall","1053467855520448514","Not Available","@staceyabrams @CoryBooker Cory Booker, you are not picky about who you associate with. Booker has dissed the U S saying Canada is more American than America","Fri Oct 19 22:08:03 EDT 2018",
"jdf754","jdf26downthelane","1053467861740634118","https://t.co/0wIDH31JoH","On Sunday, I will join @CoryBooker for a Men's Town Hall in Atlanta: https://t.co/0wIDH31JoH

To see more upcoming events and to join our Weekend of Action, view our events map: https://t.co/v8xF0ET48W #TeamAbrams #gapol https://t.co/xxYCzpXZsU","Fri Oct 19 22:08:05 EDT 2018",
"Oldlady12345","Jean M. O'Brien","1053467889469132800","Not Available","üî•üî•1-888-730-5816 IS MOST IMPORTANT TELEPHONE # TO KNOW & SHARE WITH EVERYONE. IF YOU HAVE VOTING PROBLEMS OR ARE TURNED AWAY AT GA POLL CALL # & DO NOT LEAVE POLL WITHOUT CASTING BALLOTüî•üî• #StaceyAbrams #TeamAbrams #GAGov #BrianKemp #GaPol #FlipGABlue #FlipItBlue #PaveItBlue https://t.co/6W5Hl8ghYl","Fri Oct 19 22:08:11 EDT 2018",
"jdf754","jdf26downthelane","1053467904321208320","Not Available","THREAD: @StaceyAbrams' race is the closest governor's race in the country. Just a few more canvassing shifts or a few more doors knocked could make the difference!

Sign up for a "Weekend of Action" volunteer shift and let's get it done for Georgia! https://t.co/qXHy7dFGqS #gapol https://t.co/rnlHOxUigd","Fri Oct 19 22:08:15 EDT 2018",
"SarahLies4Trump","üëªüéÉüï∑—ïŒ±rŒ±h —ïlŒ±nd—îr—ï pœÉl√≠t√≠cŒ±l fŒ±ct ch—îck—îrüëπüíÄüï∏","1053467906569371648","https://t.co/jwXrG9uGyc","Election Fraud Cases | The Heritage Foundation

GA ‚ÄúExact Match‚Äù Law was unnecessary. Last time GA had voter fraud was 2015 ONE case of fraud! ‚Å¶@ACLU‚Å© ‚Å¶@ACLUofGA‚Å© ‚Å¶@DemRoundtable‚Å© ‚Å¶@staceyabrams‚Å© @UniteBlue ‚Å¶@UniteBlueGA‚Å©  https://t.co/jwXrG9uGyc","Fri Oct 19 22:08:16 EDT 2018",
"Mstewart_2u","Marques Stewart","1053467958792634368","Not Available","The Ladies of @APSHarperArcher being led by the Women of Distinction @fredastukes","Fri Oct 19 22:08:28 EDT 2018",
"TrueResister","ProudLiberal","1053467988412624897","Not Available","The red mothereffers are doing everything in their power to kill the votes in Georgia for #StaceyAbrams.  DO NOT LET THAT HAPPEN #GEORGIA.....GET OUT THERE AND #VOTEBLUE!! https://t.co/nA3gQ71GoY","Fri Oct 19 22:08:35 EDT 2018",
"mejay227","Mary Bailey","1053468026132152321","Not Available","We're locked in the closest governor's race in the U.S.

The stakes could not be higher. The choice we face could not be more clear.

We only have 18 days to finish what we started. Donate to support voter outreach and let's get it done for Georgia: https://t.co/4I5jqEdWgJ #gapol https://t.co/tyxx9Et0cy","Fri Oct 19 22:08:44 EDT 2018",
"RobinBall1961","Robin","1053468028137099264","Not Available","We must fight this and fight it to the bitter end!  We cannot let Republicans destroy our democracy time and time again! When is enough?! @staceyabrams @AndrewGillum @SenatorHeitkamp @BetoORourke @algore @HillaryClinton @ACampaNajjar @Nate_McMurray @clairecmc @LupeValdez https://t.co/t3Ovhhenqr","Fri Oct 19 22:08:45 EDT 2018",
"Idocki1","Idocki1","1053468055257341952","Not Available","üî•üî•1-888-730-5816 IS MOST IMPORTANT TELEPHONE # TO KNOW & SHARE WITH EVERYONE. IF YOU HAVE VOTING PROBLEMS OR ARE TURNED AWAY AT GA POLL CALL # & DO NOT LEAVE POLL WITHOUT CASTING BALLOTüî•üî• #StaceyAbrams #TeamAbrams #GAGov #BrianKemp #GaPol #FlipGABlue #FlipItBlue #PaveItBlue https://t.co/6W5Hl8ghYl","Fri Oct 19 22:08:51 EDT 2018",
"slb42jcb","Susan üìé","1053468073280315392","Not Available","When you are black.
And a woman.
And a Democrat. 

In the South.

And the white male Republican you are running against is also the person in charge of election transparency, registration.rolls, and tabulation  There might be reasons to worry. 

@staceyabrams
#Georgia","Fri Oct 19 22:08:55 EDT 2018",
"jdf754","jdf26downthelane","1053468094767742976","Not Available","@teamabrams @staceyabrams Cheering you on in Ohio!","Fri Oct 19 22:09:00 EDT 2018",
"tinch","Vote on Nov. 6!","1053468112094420992","Not Available","We're locked in the closest governor's race in the U.S.

The stakes could not be higher. The choice we face could not be more clear.

We only have 18 days to finish what we started. Donate to support voter outreach and let's get it done for Georgia: https://t.co/4I5jqEdWgJ #gapol https://t.co/tyxx9Et0cy","Fri Oct 19 22:09:05 EDT 2018",
"cawilliamsp","Hopeful","1053468135758585856","Not Available","We must fight this and fight it to the bitter end!  We cannot let Republicans destroy our democracy time and time again! When is enough?! @staceyabrams @AndrewGillum @SenatorHeitkamp @BetoORourke @algore @HillaryClinton @ACampaNajjar @Nate_McMurray @clairecmc @LupeValdez https://t.co/t3Ovhhenqr","Fri Oct 19 22:09:10 EDT 2018",
"jdf754","jdf26downthelane","1053468234459086848","Not Available","@teamabrams @GeorgiaDemocrat @staceyabrams Turn GA Blue üåä üåä üåä 
Stacey Abrams. Gov (D)
Elect Sarah Riggs Amico Lt. Gov. (D)
John Barrow SOS (D)
Charlie Bailey AG (D)
Lucy McBath (D) GA‚Äôs 6 Boot Handel to the trash.
Shelly Hutchinson (D) HD 107
Karin Sandiford (D) HD 46
Carolyn Bourdeaux (D) GA‚Äôs 7 Put Woodall in trash. https://t.co/bZ9Dh7wDwg","Fri Oct 19 22:09:34 EDT 2018",
"Dianej209","DJ","1053468255463997440","Not Available","üî•üî•1-888-730-5816 IS MOST IMPORTANT TELEPHONE # TO KNOW & SHARE WITH EVERYONE. IF YOU HAVE VOTING PROBLEMS OR ARE TURNED AWAY AT GA POLL CALL # & DO NOT LEAVE POLL WITHOUT CASTING BALLOTüî•üî• #StaceyAbrams #TeamAbrams #GAGov #BrianKemp #GaPol #FlipGABlue #FlipItBlue #PaveItBlue https://t.co/6W5Hl8ghYl","Fri Oct 19 22:09:39 EDT 2018",
"nana2qps","Kittie Kujawa","1053468325139877889","Not Available","The choice is clear. We need @staceyabrams as governor. We need to send a loud resounding message to Washington, to the country, to the world. Please #Vote, do it early, before Nov. 6th if you can. Too much is at stake to stay home this year. 

Let‚Äôs make history. 
#TeamAbrams https://t.co/jqcZRZeYBZ","Fri Oct 19 22:09:55 EDT 2018",
"OverTheGOP4evr","OverTheGOP","1053468348124684288","Not Available","The red mothereffers are doing everything in their power to kill the votes in Georgia for #StaceyAbrams.  DO NOT LET THAT HAPPEN #GEORGIA.....GET OUT THERE AND #VOTEBLUE!! https://t.co/nA3gQ71GoY","Fri Oct 19 22:10:01 EDT 2018",
"jakega5","Jacob Gagnon üá∫üá∏","1053468384006955008","https://t.co/kDd0TOuTEE","@espyforsenate @MVSUDEVILS Stacey Abrams
Andrew Gillum
Phil Bredesen

@staceyabrams
@AndrewGillum
@PhilBredesen

https://t.co/kDd0TOuTEE","Fri Oct 19 22:10:09 EDT 2018",
"sunnyroller","Sunny Roller","1053468481943953408","Not Available","We're locked in the closest governor's race in the U.S.

The stakes could not be higher. The choice we face could not be more clear.

We only have 18 days to finish what we started. Donate to support voter outreach and let's get it done for Georgia: https://t.co/4I5jqEdWgJ #gapol https://t.co/tyxx9Et0cy","Fri Oct 19 22:10:33 EDT 2018",
"DeeHill77","‚ùå. Dee Hill‚ùå","1053468481524584448","Not Available","@Tip @votingwhileblk @staceyabrams @AndrewGillum Democrats be smart listen to billionaire #Kanye https://t.co/snr4L4JpZT","Fri Oct 19 22:10:33 EDT 2018",
"crzeladi","Theresa Smith","1053468540060090368","Not Available","We must fight this and fight it to the bitter end!  We cannot let Republicans destroy our democracy time and time again! When is enough?! @staceyabrams @AndrewGillum @SenatorHeitkamp @BetoORourke @algore @HillaryClinton @ACampaNajjar @Nate_McMurray @clairecmc @LupeValdez https://t.co/t3Ovhhenqr","Fri Oct 19 22:10:47 EDT 2018",
"Cia10552","Cial8r","1053468573249798149","Not Available","Election Fraud Cases | The Heritage Foundation

GA ‚ÄúExact Match‚Äù Law was unnecessary. Last time GA had voter fraud was 2015 ONE case of fraud! ‚Å¶@ACLU‚Å© ‚Å¶@ACLUofGA‚Å© ‚Å¶@DemRoundtable‚Å© ‚Å¶@staceyabrams‚Å© @UniteBlue ‚Å¶@UniteBlueGA‚Å©  https://t.co/jwXrG9uGyc","Fri Oct 19 22:10:55 EDT 2018",
"baileybellax","densie","1053468638869622785","Not Available","@GaryLov62066780 @staceyabrams @StormMela We have a good one on Georgia. We must have voter ID, you have to be a legal citizen, alive, and matching signatures. We make sure it's done right. Abrams is pushing for illegals to vote in Georgia","Fri Oct 19 22:11:10 EDT 2018",
"rotorhead97","rotorhead97","1053468650949103616","Not Available","@KamalaHarris @LucyWins2018 @staceyabrams @LUnderwood630 @JahanaHayesCT @AyannaPressley Really? Nothing wrong with supporting my own people? Okay! We need more White (and apparently a very small percentage American Indian) women running for office this year. White women consistently  shown up at the polls but are still underrepresented in elected office!  GO WHITES!","Fri Oct 19 22:11:13 EDT 2018",
"sethOEC","Seth Orlando","1053468652530532352","Not Available","And she‚Äôs doing this with all of Kemp‚Äôs voter suppression BS. Get Stacey Abrams to the governor‚Äôs mansion and take Georgia back for the people!!! #VoteBlue https://t.co/elHMrLQdxv","Fri Oct 19 22:11:13 EDT 2018",
"KeithPe33575572","Keith Petty","1053468709103255552","Not Available","@joncoopertweets Vote AND DONATE!!!! Campaign HQ lights, flyers, gas, and phones don‚Äôt just drop from the sky! 
Support #BlueWave 
@staceyabrams GA @AmyMcGrathKY KY @PhilBredesen TN @dawson4tn33 TN
@LupeValdez TX
@clairecmc MO
@AndrewGillum FL
@SenBillNelson FL 
@WaltMaddox AL 
#Democrats https://t.co/sB6uTETWB1","Fri Oct 19 22:11:27 EDT 2018",
"KathWertheim","Katherine Wertheim","1053468710378266624","Not Available","Election Fraud Cases | The Heritage Foundation

GA ‚ÄúExact Match‚Äù Law was unnecessary. Last time GA had voter fraud was 2015 ONE case of fraud! ‚Å¶@ACLU‚Å© ‚Å¶@ACLUofGA‚Å© ‚Å¶@DemRoundtable‚Å© ‚Å¶@staceyabrams‚Å© @UniteBlue ‚Å¶@UniteBlueGA‚Å©  https://t.co/jwXrG9uGyc","Fri Oct 19 22:11:27 EDT 2018",
"Tweetsbian","Tweetsbian","1053468735514783745","Not Available","@Monroesmydog @staceyabrams Invincible by Pat Benatar","Fri Oct 19 22:11:33 EDT 2018",
"rotorhead97","rotorhead97","1053468775264149509","Not Available","@flywithkamala @KamalaHarris @LucyWins2018 @staceyabrams @LUnderwood630 @JahanaHayesCT @AyannaPressley Okay NPC https://t.co/ncjXj1hHqQ","Fri Oct 19 22:11:43 EDT 2018",
"ruthg_x","ruth misses harry","1053468786374991873","Not Available","Just wrapped up our last two #WeAreGeorgia Bus Tour events of the day ‚Äì early vote rallies in Hiram and Douglasville!

Tomorrow, we are hosting a "Women for Stacey" Panel Discussion in South Metro ATL: https://t.co/aIp2PEtH03
#TeamAbrams #gapol https://t.co/dk58zVxfRA","Fri Oct 19 22:11:45 EDT 2018",
"DeplorableShay","Shay","1053468799448559616","Not Available","These are the illegal aliens that @staceyabrams embraces.","Fri Oct 19 22:11:48 EDT 2018",
"motox3005","George Costanza","1053468812199321601","Not Available","@BryceRemkes @GeorgiaDemocrat @staceyabrams Let‚Äôs pump the brakes, BOTH sides use mil guys for personal gain/ driving agendas . Clarify what Veterans issues you‚Äôre referring to... mental health?","Fri Oct 19 22:11:51 EDT 2018",
"Hatch1306","Mike Oxlong","1053468828666073088","Not Available","@ajc Where are all the Democrat comments from you who are going to vote for @staceyabrams who backs sanctuary cities and you that voted for @KeishaBottoms who made Atlanta a sanctuary city defending this guy? This is what you believe in!","Fri Oct 19 22:11:55 EDT 2018",
"Juliet0612","Momalas","1053468846324137989","Not Available","We're locked in the closest governor's race in the U.S.

The stakes could not be higher. The choice we face could not be more clear.

We only have 18 days to finish what we started. Donate to support voter outreach and let's get it done for Georgia: https://t.co/4I5jqEdWgJ #gapol https://t.co/tyxx9Et0cy","Fri Oct 19 22:12:00 EDT 2018",
"GIooiouuiko","Ggggggg","1053468876980305920","Not Available","We're locked in the closest governor's race in the U.S.

The stakes could not be higher. The choice we face could not be more clear.

We only have 18 days to finish what we started. Donate to support voter outreach and let's get it done for Georgia: https://t.co/4I5jqEdWgJ #gapol https://t.co/tyxx9Et0cy","Fri Oct 19 22:12:07 EDT 2018",
"Monroesmydog","MoogaLoo22 üè≥Ô∏è‚Äçüåà","1053468885763153920","Not Available","@Tweetsbian @staceyabrams Excellent.","Fri Oct 19 22:12:09 EDT 2018",
"scquid","Vote November 6th","1053468940624691200","Not Available","THREAD: @StaceyAbrams' race is the closest governor's race in the country. Just a few more canvassing shifts or a few more doors knocked could make the difference!

Sign up for a "Weekend of Action" volunteer shift and let's get it done for Georgia! https://t.co/qXHy7dFGqS #gapol https://t.co/rnlHOxUigd","Fri Oct 19 22:12:22 EDT 2018",
"mrcharleyr","Charles Roberts","1053468953018843137","Not Available","Just wrapped up our last two #WeAreGeorgia Bus Tour events of the day ‚Äì early vote rallies in Hiram and Douglasville!

Tomorrow, we are hosting a "Women for Stacey" Panel Discussion in South Metro ATL: https://t.co/aIp2PEtH03
#TeamAbrams #gapol https://t.co/dk58zVxfRA","Fri Oct 19 22:12:25 EDT 2018",
"KristenDefiant","Marie Clark","1053468964213256192","Not Available","Thank you to everyone who marched with #TeamAbrams in #AtlantaPride 2018! We made history as Georgia's FIRST major party nominee for #GAGov to participate in Pride. 

Let's make history again in 19 days. Vote early and volunteer to turn out more voters:
https://t.co/HztWWiMvrH https://t.co/yBs1Vmvp0W","Fri Oct 19 22:12:28 EDT 2018",
"bmitchell94619","William Mitchell","1053469025584394240","Not Available","The choice is clear. We need @staceyabrams as governor. We need to send a loud resounding message to Washington, to the country, to the world. Please #Vote, do it early, before Nov. 6th if you can. Too much is at stake to stay home this year. 

Let‚Äôs make history. 
#TeamAbrams https://t.co/jqcZRZeYBZ","Fri Oct 19 22:12:42 EDT 2018",
"JohnZiegler2017","John Ziegler","1053469036913311744","Not Available","Got to attend this event with two 18 year old first time voters. @staceyabrams was amazing even with her slightly hoarse, over-used voice! The boys were both so impressed! Thank you for taking the time to shake their hands after the event, it really meant a lot to them. #gapol https://t.co/SIrfcTi8un","Fri Oct 19 22:12:45 EDT 2018",
"Monroesmydog","MoogaLoo22 üè≥Ô∏è‚Äçüåà","1053469109248319488","Not Available","@Tweetsbian @staceyabrams Also, Two days and my dog has me reading to him. NOT kidding","Fri Oct 19 22:13:02 EDT 2018",
"NoortjeSchoute","Nora Schouten","1053469133482811392","Not Available","The red mothereffers are doing everything in their power to kill the votes in Georgia for #StaceyAbrams.  DO NOT LET THAT HAPPEN #GEORGIA.....GET OUT THERE AND #VOTEBLUE!! https://t.co/nA3gQ71GoY","Fri Oct 19 22:13:08 EDT 2018",
"debelizkemp","deb","1053469136196636672","Not Available","We were born for such a time as this.

We are Georgia, and we are ready.

Let's vote. #gapol https://t.co/NDFfYmM1Mr","Fri Oct 19 22:13:09 EDT 2018",
"harleyb11","harleyb","1053469211933192192","Not Available","#maddow #lastword #11thhour 
Optimists are excited about #StaceyAbrams winning #GAGov race because early voting tends to favor Dems.

Pessimists are convinced it helps #BrianKemp cheat because he knows how many votes are needed to win on election day. https://t.co/3IhnPc0c42","Fri Oct 19 22:13:27 EDT 2018",
"jdf754","jdf26downthelane","1053469258884284421","Not Available","@YazQuan @JoyAnnReid @staceyabrams @GeorgiaDemocrat Sign up to knock on doors and get out the vote here: https://t.co/qpjf1AGB18","Fri Oct 19 22:13:38 EDT 2018",
"sheaforgeorgia","Shea Roberts for HD52","1053469282359595008","Not Available","Look at that crowd!  I‚Äôve been told that @staceyabrams wouldn‚Äôt be able to get crowds like this in N. Georgia. They were wrong. Her message is resonating throughout this great State.  #gapol #GAGov https://t.co/CiQ9pTIVDX","Fri Oct 19 22:13:44 EDT 2018",
"JanHolloway16","Jan Holloway","1053469293629882369","Not Available","Just wrapped up our last two #WeAreGeorgia Bus Tour events of the day ‚Äì early vote rallies in Hiram and Douglasville!

Tomorrow, we are hosting a "Women for Stacey" Panel Discussion in South Metro ATL: https://t.co/aIp2PEtH03
#TeamAbrams #gapol https://t.co/dk58zVxfRA","Fri Oct 19 22:13:46 EDT 2018",
"TiffanyRayshun8","Tiffany Prince","1053469315067006978","Not Available","Just wrapped up our last two #WeAreGeorgia Bus Tour events of the day ‚Äì early vote rallies in Hiram and Douglasville!

Tomorrow, we are hosting a "Women for Stacey" Panel Discussion in South Metro ATL: https://t.co/aIp2PEtH03
#TeamAbrams #gapol https://t.co/dk58zVxfRA","Fri Oct 19 22:13:51 EDT 2018",
"sheaforgeorgia","Shea Roberts for HD52","1053469314253172736","Not Available","Want to knock doors with us? 

I love @staceyabrams & @GeorgiaDemocrat(s) so much, my house is officially a staging location for canvassing this weekend, next weekend, & the four days leading up to Election Day! üåä https://t.co/7GBgNsPwDb","Fri Oct 19 22:13:51 EDT 2018",
"JanHolloway16","Jan Holloway","1053469333014351872","https://t.co/0wIDH31JoH","On Sunday, I will join @CoryBooker for a Men's Town Hall in Atlanta: https://t.co/0wIDH31JoH

To see more upcoming events and to join our Weekend of Action, view our events map: https://t.co/v8xF0ET48W #TeamAbrams #gapol https://t.co/xxYCzpXZsU","Fri Oct 19 22:13:56 EDT 2018",
"xsarmarion","Marion Wall","1053469350378831873","Not Available","@staceyabrams Illegal immigrants absorb far more in benefits than they contribute. The Heritage Foundation in 2013 found that illegals contribute an average of $10,000 in total taxes (federal & local taxes) but use almost $24,000 in welfare and services, creating a net $14,000 loss per person","Fri Oct 19 22:14:00 EDT 2018",
"shamikalynette","Shamika Palmer","1053469367017660416","Not Available","üî•üî•1-888-730-5816 IS MOST IMPORTANT TELEPHONE # TO KNOW & SHARE WITH EVERYONE. IF YOU HAVE VOTING PROBLEMS OR ARE TURNED AWAY AT GA POLL CALL # & DO NOT LEAVE POLL WITHOUT CASTING BALLOTüî•üî• #StaceyAbrams #TeamAbrams #GAGov #BrianKemp #GaPol #FlipGABlue #FlipItBlue #PaveItBlue https://t.co/6W5Hl8ghYl","Fri Oct 19 22:14:04 EDT 2018",
"VoterGeorgia","Georgia Voter","1053469411716333570","https://t.co/0wIDH31JoH","On Sunday, I will join @CoryBooker for a Men's Town Hall in Atlanta: https://t.co/0wIDH31JoH

To see more upcoming events and to join our Weekend of Action, view our events map: https://t.co/v8xF0ET48W #TeamAbrams #gapol https://t.co/xxYCzpXZsU","Fri Oct 19 22:14:14 EDT 2018",
"NancyUsher","Vote November 6th","1053469411594719232","Not Available","@VlanTrunk @jdf754 @teamabrams @GeorgiaDemocrat @staceyabrams That Secretary of State is attempting to steal this election...don‚Äôt let him!","Fri Oct 19 22:14:14 EDT 2018",
"beverlyNOTMYPRE","beverly huff","1053469466447790080","Not Available","@maramcewin Yes!  They will find a way to suppress more votes. But as @staceyabrams said, the way to combat voter suppression is the overwhelm them with voters! Can't suppress everyone.","Fri Oct 19 22:14:27 EDT 2018",
"DavidEPlata","David Plata","1053469467953508352","Not Available","Flew home from D.C. to cast my ballot for @staceyabrams and @SarahRiggsAmico! #PostThePeach  CC: @JevinforAZ & @MrMikeBlake https://t.co/JxAJhuakzk","Fri Oct 19 22:14:28 EDT 2018",
"Solutioneer72","RajüóΩ #Vote4Democrats","1053469481828110337","Not Available",""@StaceyAbrams tells audiences on the campaign trail that 'climate change is real' and GA needs to begin bracing for it. She vows to strengthen environmental protections and advocate for policies that address pollution that contributes to climate change." https://t.co/jc2Yd8Vrzd","Fri Oct 19 22:14:31 EDT 2018",
"tabpresley","Tabatha Presley","1053469486198730752","Not Available","@teamabrams @staceyabrams When are you canvassing in Stockbridge","Fri Oct 19 22:14:32 EDT 2018",
"aprilsoccermom","aprilüí•","1053469488371372032","Not Available","@joncoopertweets Vote AND DONATE!!!! Campaign HQ lights, flyers, gas, and phones don‚Äôt just drop from the sky! 
Support #BlueWave 
@staceyabrams GA @AmyMcGrathKY KY @PhilBredesen TN @dawson4tn33 TN
@LupeValdez TX
@clairecmc MO
@AndrewGillum FL
@SenBillNelson FL 
@WaltMaddox AL 
#Democrats https://t.co/sB6uTETWB1","Fri Oct 19 22:14:33 EDT 2018",
"rashaudbennett","Rashaud Simmons-Bennett","1053469494981656576","Not Available","...and this is how we roll in the A! #StaceyAbrams #GaPol #Vote https://t.co/QU5Q4NvbuC","Fri Oct 19 22:14:34 EDT 2018",
"Solutioneer72","RajüóΩ #Vote4Democrats","1053469614041063425","Not Available","@emilyslist We're locked in the closest gubernatorial race in the nation ‚Äì every door knock, every conversation, and every vote WILL make a difference.

For more ways to get involved and to support voter outreach in Georgia, please visit my website: https://t.co/LL7fO3Vp8D #TeamAbrams #gapol","Fri Oct 19 22:15:03 EDT 2018",
"Lisa99847275","Lisa","1053469624333811712","Not Available","As part of our work to support the leadership of Black women, MoveOn members have proudly contributed more than $1 million to Black women running for office. @staceyabrams, @LUnderwood630, @LindaForNC, @IlhanMN, @LucyWins2018 https://t.co/nIRJnGCyKC","Fri Oct 19 22:15:05 EDT 2018",
"prevostscifi","SciFi Prevost","1053469640494583808","Not Available","#maddow #lastword #11thhour 
Optimists are excited about #StaceyAbrams winning #GAGov race because early voting tends to favor Dems.

Pessimists are convinced it helps #BrianKemp cheat because he knows how many votes are needed to win on election day. https://t.co/3IhnPc0c42","Fri Oct 19 22:15:09 EDT 2018",
"1pinkladee","pinkladee","1053469644642770944","Not Available","@emilyslist We're locked in the closest gubernatorial race in the nation ‚Äì every door knock, every conversation, and every vote WILL make a difference.

For more ways to get involved and to support voter outreach in Georgia, please visit my website: https://t.co/LL7fO3Vp8D #TeamAbrams #gapol","Fri Oct 19 22:15:10 EDT 2018",
"ThatKimCabral","Kim Cabral","1053469669082980352","Not Available","JOIN US: Today, our #WeAreGeorgia Early Vote Bus Tour will be in: 

üìç Dalton
üìç Rome
üìç Cartersville
üìç Hiram
üìç Douglasville

This weekend, join us in:

üìç South Metro
üìç South Fulton
üìç Cobb

Find more upcoming events near you here ‚ûî https://t.co/v8xF0ET48W #TeamAbrams #gapol","Fri Oct 19 22:15:16 EDT 2018",
"Solutioneer72","RajüóΩ #Vote4Democrats","1053469669451943936","Not Available","@staceyabrams @emilyslist #Stacey4GA #TeamAbrams #FlipItBlue https://t.co/jR4zOogUiY","Fri Oct 19 22:15:16 EDT 2018",
"haylea_sage","Haylea","1053469679703023616","https://t.co/0p2gGKlJBQ","I‚Äôd rather sit in an ant bed https://t.co/0p2gGKlJBQ","Fri Oct 19 22:15:18 EDT 2018",
"DavidEPlata","David Plata","1053469744463048704","https://t.co/ibvTOolZIJ",".@GeorgiaDemocrat is ready to lead. Are you ready to vote? We've got 18 days to get it done: https://t.co/ibvTOolZIJ #gapol https://t.co/irw3nlDcnk","Fri Oct 19 22:15:34 EDT 2018",
"danieltanner","Dan Tanner","1053469813748703233","Not Available","We're locked in the closest governor's race in the U.S.

The stakes could not be higher. The choice we face could not be more clear.

We only have 18 days to finish what we started. Donate to support voter outreach and let's get it done for Georgia: https://t.co/4I5jqEdWgJ #gapol https://t.co/tyxx9Et0cy","Fri Oct 19 22:15:50 EDT 2018",
"jettech84","Michael","1053469874260008960","Not Available","@JohnLeguizamo @staceyabrams @AndrewGillum @SenatorHeitkamp @BetoORourke @algore @HillaryClinton @ACampaNajjar @Nate_McMurray @clairecmc @LupeValdez Ha ha ha. Keep lying to yourself. #MAGA","Fri Oct 19 22:16:05 EDT 2018",
"BonesResists","BonesResists","1053469913837457409","Not Available","Vote for #StaceyAbrams. The race is beyond close. 18 days out. We need everyone to come out and vote in #Georgia. #VoteBlue November 6. @AryaResists, @KidCasteel, @ZodLyta, @MagnetoResists, @StormResist https://t.co/t2hPG19pqB","Fri Oct 19 22:16:14 EDT 2018",
"KimShoeCrzy","Cicely's Hat","1053469918723739649","Not Available","@teamabrams @blkthght06 @GeorgiaDemocrat @staceyabrams This made me smile.","Fri Oct 19 22:16:15 EDT 2018",
"gcobbum","The Universal eXecutive","1053469943029751808","Not Available","We're locked in the closest governor's race in the U.S.

The stakes could not be higher. The choice we face could not be more clear.

We only have 18 days to finish what we started. Donate to support voter outreach and let's get it done for Georgia: https://t.co/4I5jqEdWgJ #gapol https://t.co/tyxx9Et0cy","Fri Oct 19 22:16:21 EDT 2018",
"GrassrootsArmy","VOTE for ALL REPUBLICANS to Continue TRUMP Agenda!","1053469974197690369","Not Available","Amen. VOTE .@BrianKempGA  HE WILL KEEP GEORGIA GREAT! Do you think pochantas is here for her health? .@staceyabrams IS NOT FOR GEORGIA! Lies & more lies. https://t.co/yddkDTw8fT","Fri Oct 19 22:16:29 EDT 2018",
"GrassrootsArmy","VOTE for ALL REPUBLICANS to Continue TRUMP Agenda!","1053469974306516992","Not Available","Amen. VOTE .@BrianKempGA  HE WILL KEEP GEORGIA GREAT! Do you think pochantas is here for her health? .@staceyabrams IS NOT FOR GEORGIA! Lies & more lies. https://t.co/yddkDTw8fT","Fri Oct 19 22:16:29 EDT 2018",
"edslaven","Ellie Slaven","1053470016492965889","Not Available","@BrianKempGA And you can only win an election by cheating! Hopefully, your disenfranchising of voters in counties of color will backfire and send you on your way! #VoteBlue @staceyabrams deserves your vote people of #Georgia!","Fri Oct 19 22:16:39 EDT 2018",
"hygarner","Holly Garner","1053470058310184960","Not Available","@MmeScience @Greg_Palast Really wanna see #BrianKemp on the stand, defending his dark scheme with hollow talking points. The entire world needs to see why we must #RestoreTheVRA. The GOP is using #VoterDisenfranchisement to achieve

#FreedomFromOurLiberty

Go @staceyabrams! @Greg_Palast","Fri Oct 19 22:16:49 EDT 2018",
"hygarner","Holly Garner","1053470076622594048","Not Available","@ImprobableTodd @MmeScience @Greg_Palast @staceyabrams #RestoretheVRA","Fri Oct 19 22:16:53 EDT 2018",
"Fafane85","Dame D","1053470173758480384","Not Available","This!!! If you are in Georgia please sign up to volunteer over the next 18 days! We‚Äôre canvassing & phone banking every day! @staceyabrams will win if all Democrats turn out! Go to https://t.co/2RbuybfuWd to sign up! https://t.co/3DjZWAtwun","Fri Oct 19 22:17:16 EDT 2018",
"joan_visconti","Feminist who votes","1053470186039238656","Not Available","We're locked in the closest governor's race in the U.S.

The stakes could not be higher. The choice we face could not be more clear.

We only have 18 days to finish what we started. Donate to support voter outreach and let's get it done for Georgia: https://t.co/4I5jqEdWgJ #gapol https://t.co/tyxx9Et0cy","Fri Oct 19 22:17:19 EDT 2018",
"GrassrootsArmy","VOTE for ALL REPUBLICANS to Continue TRUMP Agenda!","1053470205542891520","Not Available","@ClayTippins @SenWarren @staceyabrams State of Atlanta politics are not lined up with The State of Ga....Atlanta has been moving left for years and now wants to expand big government socialism beyond Fulton County..

I'm voting No on socialist Abrams and No to Atlanta politics!!","Fri Oct 19 22:17:24 EDT 2018",
"atpeace4ever","Linda Toure","1053470207975583744","Not Available","Please READ, SHARE WIDELY, LIKE & RT @Suntimes, ‚ÄúGeorgia‚Äôs race for governor soiled by a conflict of interest.‚Äù
https://t.co/xbfNwJ7fRH #StaceyAbrams #VotingMatters","Fri Oct 19 22:17:24 EDT 2018",
"NancyRhoads","Nancy  Rhoads","1053470219732180992","Not Available","@staceyabrams Stacey Abrams stated: "People shouldn't have to go into agriculture or hospitality to make a living in Georgia  
so in otherwords they should be collecting welfare & foodstamps ?  Who do u think provides the food, u ignornant woman!!","Fri Oct 19 22:17:27 EDT 2018",
"GrassrootsArmy","VOTE for ALL REPUBLICANS to Continue TRUMP Agenda!","1053470317358837760","Not Available","‚Å¶@SenWarren‚Å© joins Metro Atlanta Democratic Socialists,
GT Young Socialists, & thousands of undocumented workers who Stacey promises will drive the Blue Wave ... in supporting Radical ‚Å¶@staceyabrams‚Å©. That makes her ~1/1024 qualified to govern GA. #gagop #gapol https://t.co/4aTcKE5QM7","Fri Oct 19 22:17:50 EDT 2018",
"LynneCripe","Vote November 6","1053470361810059265","Not Available","The choice is clear. We need @staceyabrams as governor. We need to send a loud resounding message to Washington, to the country, to the world. Please #Vote, do it early, before Nov. 6th if you can. Too much is at stake to stay home this year. 

Let‚Äôs make history. 
#TeamAbrams https://t.co/jqcZRZeYBZ","Fri Oct 19 22:18:01 EDT 2018",
"MatthewEgan16","Matthew Egan","1053470369951019008","Not Available","How is Kemp allowed to oversee his own election??

#ConflictOfInterest","Fri Oct 19 22:18:03 EDT 2018",
"LynneCripe","Vote November 6","1053470361810059265","Not Available","The choice is clear. We need @staceyabrams as governor. We need to send a loud resounding message to Washington, to the country, to the world. Please #Vote, do it early, before Nov. 6th if you can. Too much is at stake to stay home this year. 

Let‚Äôs make history. 
#TeamAbrams https://t.co/jqcZRZeYBZ","Fri Oct 19 22:18:01 EDT 2018",
"dearjudge","judge","1053470406751879168","Not Available","I‚Äôm so excited that I voted early for ‚Å¶@staceyabrams‚Å© #GoBlue. She is the one for change. She focus on all races and she has values and she is the one that I want my daughter to look up to for the future she is for the future for #Ga thank you Stacey #TeamBlue https://t.co/P8jHUl5kTy","Fri Oct 19 22:18:12 EDT 2018",
"misshazelowens","Hazel Owens","1053470418038939650","Not Available","Deadbeat @StaceyAbrams owes more than $50K to #IRS and she wants to raise taxes on everyone else. @GAGOP @BrianKempGA https://t.co/Qfxh3H8ksL","Fri Oct 19 22:18:14 EDT 2018",
"pinkcellz","#NotAFeminist‚≠ê‚≠ê‚≠ê","1053470429220913152","Not Available","Amen. VOTE .@BrianKempGA  HE WILL KEEP GEORGIA GREAT! Do you think pochantas is here for her health? .@staceyabrams IS NOT FOR GEORGIA! Lies & more lies. https://t.co/yddkDTw8fT","Fri Oct 19 22:18:17 EDT 2018",
"sheilafaye01_g","Sheila Humphries","1053470519775772672","Not Available","‚ÄúFor the first time, my father and I voted in a midterm election, and we voted early! Proud to say we voted for @staceyabrams and Democrats up-and-down the ballot.‚Äù -Elisha

All 7 early voting locations will be open in Gwinnett tomorrow at 7am! Go vote! https://t.co/jcirwGubM1 https://t.co/g2U1bo8qTF","Fri Oct 19 22:18:39 EDT 2018",
"TonySetlak","Tony Setlak","1053470540164460546","Not Available","@staceyabrams I‚Äôve been on Obamacare and sorry I‚Äôm not getting on that train again!","Fri Oct 19 22:18:43 EDT 2018",
"GrassrootsArmy","VOTE for ALL REPUBLICANS to Continue TRUMP Agenda!","1053470547185672192","Not Available","Georgia farm families lose $3 BILLION dollars, and @staceyabrams attacks their way of life. Just too extreme for Georgia! #gapol https://t.co/UF6ibfPfjl","Fri Oct 19 22:18:45 EDT 2018",
"Tamaraw68415067","GAGirl1967  Is 99.999% White like Liz.","1053470603477483521","Not Available","Georgia farm families lose $3 BILLION dollars, and @staceyabrams attacks their way of life. Just too extreme for Georgia! #gapol https://t.co/UF6ibfPfjl","Fri Oct 19 22:18:59 EDT 2018",
"blkthght06","Ivan Campbell","1053470613900128256","Not Available","@teamabrams @blkthght06 @GeorgiaDemocrat @staceyabrams This made me smile.","Fri Oct 19 22:19:01 EDT 2018",
"suzanroze","suzan roze üåäüåäüåä","1053470619344531456","Not Available","üî•üî•1-888-730-5816 IS MOST IMPORTANT TELEPHONE # TO KNOW & SHARE WITH EVERYONE. IF YOU HAVE VOTING PROBLEMS OR ARE TURNED AWAY AT GA POLL CALL # & DO NOT LEAVE POLL WITHOUT CASTING BALLOTüî•üî• #StaceyAbrams #TeamAbrams #GAGov #BrianKemp #GaPol #FlipGABlue #FlipItBlue #PaveItBlue https://t.co/6W5Hl8ghYl","Fri Oct 19 22:19:02 EDT 2018",
"GrassrootsArmy","VOTE for ALL REPUBLICANS to Continue TRUMP Agenda!","1053470636453122048","Not Available","And then @staceyabrams adds insult to injury by denigrating the agriculture industry and those who work hard in it every day.  We need a Governor who supports and understands the importance of this multi-billion $ industry to our state economy...not kick them when they are down. https://t.co/gMpItT9mwf","Fri Oct 19 22:19:06 EDT 2018",
"DeeCrouch7","Dee Crouch","1053470652659892224","https://t.co/ibvTOolZIJ",".@GeorgiaDemocrat is ready to lead. Are you ready to vote? We've got 18 days to get it done: https://t.co/ibvTOolZIJ #gapol https://t.co/irw3nlDcnk","Fri Oct 19 22:19:10 EDT 2018",
"jmascheman","Jane Ascheman","1053470659668557824","Not Available","Although it's seemed to be true for some time now - I want to thanks @KamalaHarris @SenKamalaHarris for removing all doubt.  She is a bold-faced, blatant racist.  Imagine if you will, @realDonaldTrump posting a tweet like this saying "Elect White Men."  Let that sink in. #Racist! https://t.co/UluPcQF9E7","Fri Oct 19 22:19:12 EDT 2018",
"almostastute","CleverUserName","1053470773602594816","Not Available","#maddow #lastword #11thhour 
Optimists are excited about #StaceyAbrams winning #GAGov race because early voting tends to favor Dems.

Pessimists are convinced it helps #BrianKemp cheat because he knows how many votes are needed to win on election day. https://t.co/3IhnPc0c42","Fri Oct 19 22:19:39 EDT 2018",
"echoreferee","Paul Pelletier","1053470797975707648","Not Available","Although it's seemed to be true for some time now - I want to thanks @KamalaHarris @SenKamalaHarris for removing all doubt.  She is a bold-faced, blatant racist.  Imagine if you will, @realDonaldTrump posting a tweet like this saying "Elect White Men."  Let that sink in. #Racist! https://t.co/UluPcQF9E7","Fri Oct 19 22:19:45 EDT 2018",
"baileybellax","densie","1053470827633668098","Not Available","@staceyabrams You seem cool, but Brian Kemp will get my vote. The economy is too important to me. Plus you aren't interested in strong immigration laws.","Fri Oct 19 22:19:52 EDT 2018",
"KimSimo27675312","Kim","1053470833790849025","Not Available","Just wrapped up our last two #WeAreGeorgia Bus Tour events of the day ‚Äì early vote rallies in Hiram and Douglasville!

Tomorrow, we are hosting a "Women for Stacey" Panel Discussion in South Metro ATL: https://t.co/aIp2PEtH03
#TeamAbrams #gapol https://t.co/dk58zVxfRA","Fri Oct 19 22:19:53 EDT 2018",
"bellasusannah09","Susana Huerta","1053470884399403008","Not Available","We must fight this and fight it to the bitter end!  We cannot let Republicans destroy our democracy time and time again! When is enough?! @staceyabrams @AndrewGillum @SenatorHeitkamp @BetoORourke @algore @HillaryClinton @ACampaNajjar @Nate_McMurray @clairecmc @LupeValdez https://t.co/t3Ovhhenqr","Fri Oct 19 22:20:06 EDT 2018",
"Isdimak","Iselle Akwoue","1053470894742360064","Not Available","@staceyabrams @coumba_kane samedi matin aussi elle parlera aux femmes, on va rater..","Fri Oct 19 22:20:08 EDT 2018",
"shelia_ossege","oh_shelia77","1053470921237979136","Not Available","@staceyabrams @FiveThirtyEight Please assure voters That as are you trying to improve the public school system does not including getting rid of SB10 Vouchers for children that are on IEP‚Äôs to be able to get discounts at private schools. Parents needs this and some independent voters want clarification","Fri Oct 19 22:20:14 EDT 2018",
"EmperorWeaver","Theodore","1053470937646022656","Not Available","We're locked in the closest governor's race in the U.S.

The stakes could not be higher. The choice we face could not be more clear.

We only have 18 days to finish what we started. Donate to support voter outreach and let's get it done for Georgia: https://t.co/4I5jqEdWgJ #gapol https://t.co/tyxx9Et0cy","Fri Oct 19 22:20:18 EDT 2018",
"renemco1","renemco","1053470960752324608","Not Available","Just wrapped up our last two #WeAreGeorgia Bus Tour events of the day ‚Äì early vote rallies in Hiram and Douglasville!

Tomorrow, we are hosting a "Women for Stacey" Panel Discussion in South Metro ATL: https://t.co/aIp2PEtH03
#TeamAbrams #gapol https://t.co/dk58zVxfRA","Fri Oct 19 22:20:24 EDT 2018",
"justdawn_","Dawn Young-McDaniel ‚ôøÔ∏èüé¨","1053470973570306048","Not Available","@teamabrams @staceyabrams Dear @staceyabrams,
Standing with you & @teamabrams, as evidenced in the photo.
Sent an email to your staff.
Thanks! https://t.co/PTNvWZdRTA","Fri Oct 19 22:20:27 EDT 2018",
"renemco1","renemco","1053470981023383552","https://t.co/0wIDH31JoH","On Sunday, I will join @CoryBooker for a Men's Town Hall in Atlanta: https://t.co/0wIDH31JoH

To see more upcoming events and to join our Weekend of Action, view our events map: https://t.co/v8xF0ET48W #TeamAbrams #gapol https://t.co/xxYCzpXZsU","Fri Oct 19 22:20:29 EDT 2018",
"IndivArtists","Indivisible Artists","1053471007778988032","Not Available",""We were born for such a time as this" Yes we were, thank you @staceyabrams Georgia, let's do this! #WeAreGeorgia #VoteBlue #TeamAbrams https://t.co/5no7rOF9qx","Fri Oct 19 22:20:35 EDT 2018",
"BabyD_Rae","Drelynn","1053471019900567553","https://t.co/bnwHTN8rfY","Here‚Äôs how to volunteer for @staceyabrams‚Äô campaign & help elect a good governor for Georgia: https://t.co/bnwHTN8rfY https://t.co/B5Cq6XOzgp","Fri Oct 19 22:20:38 EDT 2018",
"PKupfner","‚ùåSuppressed Again‚ùå","1053471026414317573","Not Available","Georgia farm families lose $3 BILLION dollars, and @staceyabrams attacks their way of life. Just too extreme for Georgia! #gapol https://t.co/UF6ibfPfjl","Fri Oct 19 22:20:39 EDT 2018",
"SarahRiggsAmico","Sarah Riggs Amico","1053471044747624449","Not Available","@kramer_girl @teamabrams @staceyabrams Thank you!","Fri Oct 19 22:20:44 EDT 2018",
"dexsius1","Just. Go. Vote. üåä","1053471071037464577","Not Available","@Chris_Reeves93 @BrianKempGA Lots of us hardworking Georgians have also already voted for @staceyabrams. 14 years of being at the bottom with bankrupt GOP policies has been way more than enough.","Fri Oct 19 22:20:50 EDT 2018",
"lele103mj","Melissa Johnson","1053471087625994240","https://t.co/unQXmkh2G8","We need huge voter turnout for Stacey Abrams (@staceyabrams) to win in Georgia! 

https://t.co/unQXmkh2G8","Fri Oct 19 22:20:54 EDT 2018",
"KatyCausey3","Katy Causey","1053471089114923009","Not Available","Some amazing Anti-Trump voices that you want to follow. RT & share this list: 

@KamalaHarris
@BetoORourke 
@girlsreallyrule
@ProudResister
@sahluwal
@ACLU 
@TeaPainUSA
@staceyabrams
@RepAdamSchiff
@brycetache
@SaysHummingbird
@joncoopertweets
@AndrewGillum
@davidhogg111","Fri Oct 19 22:20:54 EDT 2018",
"KLMacRae","KLMacRae","1053471152356671488","Not Available","@ClayTippins @SenWarren @staceyabrams State of Atlanta politics are not lined up with The State of Ga....Atlanta has been moving left for years and now wants to expand big government socialism beyond Fulton County..

I'm voting No on socialist Abrams and No to Atlanta politics!!","Fri Oct 19 22:21:09 EDT 2018",
"rtadter","Ron","1053471165606440960","Not Available","My mother is 70 years old and has lived in Spalding County her entire life. She said she doesn‚Äôt remember any candidate for Governor ever visiting Spalding. Today we both had the pleasure of hearing & seeing @staceyabrams in our small city #VoteEarly https://t.co/o4OR5as12G","Fri Oct 19 22:21:13 EDT 2018",
"RhiannonRappel","Rhiannon Rappel","1053471176276799490","Not Available","We must fight this and fight it to the bitter end!  We cannot let Republicans destroy our democracy time and time again! When is enough?! @staceyabrams @AndrewGillum @SenatorHeitkamp @BetoORourke @algore @HillaryClinton @ACampaNajjar @Nate_McMurray @clairecmc @LupeValdez https://t.co/t3Ovhhenqr","Fri Oct 19 22:21:15 EDT 2018",
"BKrivatsy","BeeKree","1053471218408480769","Not Available","üî•üî•1-888-730-5816 IS MOST IMPORTANT TELEPHONE # TO KNOW & SHARE WITH EVERYONE. IF YOU HAVE VOTING PROBLEMS OR ARE TURNED AWAY AT GA POLL CALL # & DO NOT LEAVE POLL WITHOUT CASTING BALLOTüî•üî• #StaceyAbrams #TeamAbrams #GAGov #BrianKemp #GaPol #FlipGABlue #FlipItBlue #PaveItBlue https://t.co/6W5Hl8ghYl","Fri Oct 19 22:21:25 EDT 2018",
"SandraW19134142","Sandra Wilkerson","1053471247701565441","Not Available","We're locked in the closest governor's race in the U.S.

The stakes could not be higher. The choice we face could not be more clear.

We only have 18 days to finish what we started. Donate to support voter outreach and let's get it done for Georgia: https://t.co/4I5jqEdWgJ #gapol https://t.co/tyxx9Et0cy","Fri Oct 19 22:21:32 EDT 2018",
"tonyheyl","Tony from Bridgeport","1053471285488115712","Not Available","#IfIWonABillionDollars I'd probably just pay off enough people in North to make sure that @SenatorHeitkamp wins and help @AndrewGillum and @staceyabrams win in FL and GA. 

Also, I'd get a new car.","Fri Oct 19 22:21:41 EDT 2018",
"emousemail","emouseUH","1053471311710863360","Not Available","The choice is clear. We need @staceyabrams as governor. We need to send a loud resounding message to Washington, to the country, to the world. Please #Vote, do it early, before Nov. 6th if you can. Too much is at stake to stay home this year. 

Let‚Äôs make history. 
#TeamAbrams https://t.co/jqcZRZeYBZ","Fri Oct 19 22:21:47 EDT 2018",
"halifaxbrad","TEETH","1053471330870411264","Not Available","The choice is clear. We need @staceyabrams as governor. We need to send a loud resounding message to Washington, to the country, to the world. Please #Vote, do it early, before Nov. 6th if you can. Too much is at stake to stay home this year. 

Let‚Äôs make history. 
#TeamAbrams https://t.co/jqcZRZeYBZ","Fri Oct 19 22:21:52 EDT 2018",
"BumphBean","ButterNutterBean","1053471343713415168","Not Available","@nycsouthpaw Canvassing for @staceyabrams","Fri Oct 19 22:21:55 EDT 2018",
"kathleenroeberg","kathleen Z Roeberg","1053471368870805504","Not Available","JOIN US: Today, our #WeAreGeorgia Early Vote Bus Tour will be in: 

üìç Dalton
üìç Rome
üìç Cartersville
üìç Hiram
üìç Douglasville

This weekend, join us in:

üìç South Metro
üìç South Fulton
üìç Cobb

Find more upcoming events near you here ‚ûî https://t.co/v8xF0ET48W #TeamAbrams #gapol","Fri Oct 19 22:22:01 EDT 2018",
"sugrmag98","Pamela Bennett","1053471409350103040","Not Available","We're locked in the closest governor's race in the U.S.

The stakes could not be higher. The choice we face could not be more clear.

We only have 18 days to finish what we started. Donate to support voter outreach and let's get it done for Georgia: https://t.co/4I5jqEdWgJ #gapol https://t.co/tyxx9Et0cy","Fri Oct 19 22:22:11 EDT 2018",
"Detroiter4life","LatriceRenee","1053471480464527360","Not Available","GEORGIA!!

Today you can begin voting early for @StaceyAbrams in at least one location in every single county across the state. 

Listen - we MUST WIN THIS EARLY VOTE to have a chance in November. Let's give her a head start. 

Get your location here: 

https://t.co/tXPcIChLgF https://t.co/LhBxaf8UkW","Fri Oct 19 22:22:28 EDT 2018",
"LBethSt","LBethSt.  GA RAINE  I play with clay üé≠","1053471521992269825","Not Available",""We were born for such a time as this" Yes we were, thank you @staceyabrams Georgia, let's do this! #WeAreGeorgia #VoteBlue #TeamAbrams https://t.co/5no7rOF9qx","Fri Oct 19 22:22:38 EDT 2018",
"AVoiceForAllGA","A Voice For All GA","1053471562131742720","Not Available",""We were born for such a time as this" Yes we were, thank you @staceyabrams Georgia, let's do this! #WeAreGeorgia #VoteBlue #TeamAbrams https://t.co/5no7rOF9qx","Fri Oct 19 22:22:47 EDT 2018",
"DMoore44150498","D Moore","1053471587914129408","Not Available","üî•üî•1-888-730-5816 IS MOST IMPORTANT TELEPHONE # TO KNOW & SHARE WITH EVERYONE. IF YOU HAVE VOTING PROBLEMS OR ARE TURNED AWAY AT GA POLL CALL # & DO NOT LEAVE POLL WITHOUT CASTING BALLOTüî•üî• #StaceyAbrams #TeamAbrams #GAGov #BrianKemp #GaPol #FlipGABlue #FlipItBlue #PaveItBlue https://t.co/6W5Hl8ghYl","Fri Oct 19 22:22:53 EDT 2018",
"Chidi1Enyia","Chidi Enyia","1053471630796644352","https://t.co/SPyd3XoWmX","Amara Enyia (@AmaraEnyia), Andrew Gillum (@AndrewGillum), Stacey Abrams (@staceyabrams) and more.

https://t.co/SPyd3XoWmX","Fri Oct 19 22:23:03 EDT 2018",
"ttank66","Todd Tankersley","1053471681111605248","Not Available","Amen. VOTE .@BrianKempGA  HE WILL KEEP GEORGIA GREAT! Do you think pochantas is here for her health? .@staceyabrams IS NOT FOR GEORGIA! Lies & more lies. https://t.co/yddkDTw8fT","Fri Oct 19 22:23:15 EDT 2018",
"ab494ff0758c4fc","JD","1053471742549737478","Not Available","@respectinc @staceyabrams So you voted to turn Georgia in to Chicago...  It would have been better if you just moved to a socialist state","Fri Oct 19 22:23:30 EDT 2018",
"JesusNarrowWay","JESUS IS LORD","1053471745817169920","Not Available","JOIN US: Today, our #WeAreGeorgia Early Vote Bus Tour will be in: 

üìç Dalton
üìç Rome
üìç Cartersville
üìç Hiram
üìç Douglasville

This weekend, join us in:

üìç South Metro
üìç South Fulton
üìç Cobb

Find more upcoming events near you here ‚ûî https://t.co/v8xF0ET48W #TeamAbrams #gapol","Fri Oct 19 22:23:31 EDT 2018",
"savemyoceans2","Diver","1053471813538328576","Not Available","Just wrapped up our last two #WeAreGeorgia Bus Tour events of the day ‚Äì early vote rallies in Hiram and Douglasville!

Tomorrow, we are hosting a "Women for Stacey" Panel Discussion in South Metro ATL: https://t.co/aIp2PEtH03
#TeamAbrams #gapol https://t.co/dk58zVxfRA","Fri Oct 19 22:23:47 EDT 2018",
"DragonLady65","DragonLady65 üåä","1053471935043198976","Not Available","JOIN US: Today, our #WeAreGeorgia Early Vote Bus Tour will be in: 

üìç Dalton
üìç Rome
üìç Cartersville
üìç Hiram
üìç Douglasville

This weekend, join us in:

üìç South Metro
üìç South Fulton
üìç Cobb

Find more upcoming events near you here ‚ûî https://t.co/v8xF0ET48W #TeamAbrams #gapol","Fri Oct 19 22:24:16 EDT 2018",
"b140tweet","Boop","1053471946824994816","Not Available",""We were born for such a time as this" Yes we were, thank you @staceyabrams Georgia, let's do this! #WeAreGeorgia #VoteBlue #TeamAbrams https://t.co/5no7rOF9qx","Fri Oct 19 22:24:19 EDT 2018",
"KimSimo27675312","Kim","1053471978957475840","Not Available","We're locked in the closest governor's race in the U.S.

The stakes could not be higher. The choice we face could not be more clear.

We only have 18 days to finish what we started. Donate to support voter outreach and let's get it done for Georgia: https://t.co/4I5jqEdWgJ #gapol https://t.co/tyxx9Et0cy","Fri Oct 19 22:24:27 EDT 2018",
"jillresists","Fallenangel1","1053472047018459136","Not Available","Just wrapped up our last two #WeAreGeorgia Bus Tour events of the day ‚Äì early vote rallies in Hiram and Douglasville!

Tomorrow, we are hosting a "Women for Stacey" Panel Discussion in South Metro ATL: https://t.co/aIp2PEtH03
#TeamAbrams #gapol https://t.co/dk58zVxfRA","Fri Oct 19 22:24:43 EDT 2018",
"Pauli3013","Pauli301","1053472099170430976","Not Available","@Climatearticles @NARAL @PPFA @staceyabrams 'We fed the public a line of deceit, dishonesty, a fabrication of
statistics and figures. We broke down the laws limiting
abortions because the news media cooperated. We
sensationalized the effects of illegal abortions, and fabricated polls" - Bernard Nathanson Founder of NARAL","Fri Oct 19 22:24:55 EDT 2018",
"bloxy88","Bloxy","1053472132640854021","Not Available","üî•üî•1-888-730-5816 IS MOST IMPORTANT TELEPHONE # TO KNOW & SHARE WITH EVERYONE. IF YOU HAVE VOTING PROBLEMS OR ARE TURNED AWAY AT GA POLL CALL # & DO NOT LEAVE POLL WITHOUT CASTING BALLOTüî•üî• #StaceyAbrams #TeamAbrams #GAGov #BrianKemp #GaPol #FlipGABlue #FlipItBlue #PaveItBlue https://t.co/6W5Hl8ghYl","Fri Oct 19 22:25:03 EDT 2018",
